{
  "total_steps": 50,
  "mistake_rates": [],
  "incorrect_probs": [],
  "action_probs": {
    "0": [],
    "1": []
  },
  "full_action_probs": {
    "0": [
      [
        0.6276083588600159
      ],
      [
        0.36548668146133423
      ],
      [
        0.41507524251937866
      ],
      [
        0.3723794221878052
      ],
      [
        0.545508623123169
      ],
      [
        0.5773706436157227
      ],
      [
        0.46364855766296387
      ],
      [
        0.9677841663360596
      ],
      [
        1.0
      ],
      [
        0.6393121480941772
      ],
      [
        0.40428268909454346
      ],
      [
        0.6833270192146301
      ],
      [
        0.0
      ],
      [
        0.5229142904281616
      ],
      [
        0.12362565100193024
      ],
      [
        0.27499130368232727
      ],
      [
        0.28645920753479004
      ],
      [
        1.0
      ],
      [
        0.6730341911315918
      ],
      [
        0.0
      ],
      [
        0.0
      ],
      [
        0.0
      ],
      [
        0.12436357140541077
      ],
      [
        0.0
      ],
      [
        0.0
      ],
      [
        0.0
      ],
      [
        0.9908386468887329
      ],
      [
        0.09020541608333588
      ],
      [
        0.0893106535077095
      ],
      [
        0.3339640200138092
      ],
      [
        0.23835745453834534
      ],
      [
        0.5799111127853394
      ],
      [
        0.0
      ],
      [
        0.1463209092617035
      ],
      [
        0.16195714473724365
      ],
      [
        0.41061508655548096
      ],
      [
        0.4259449541568756
      ],
      [
        0.39260736107826233
      ],
      [
        0.7066876888275146
      ],
      [
        0.0
      ],
      [
        0.40579259395599365
      ],
      [
        0.0
      ],
      [
        0.013431087136268616
      ],
      [
        0.0
      ],
      [
        0.0
      ],
      [
        0.0
      ],
      [
        0.021029498428106308
      ],
      [
        0.21354196965694427
      ],
      [
        0.02498401701450348
      ],
      [
        0.01364800613373518
      ]
    ],
    "1": [
      [
        0.4772305488586426
      ],
      [
        0.6832041144371033
      ],
      [
        0.8854715824127197
      ],
      [
        0.737926185131073
      ],
      [
        0.8794826865196228
      ],
      [
        1.0
      ],
      [
        0.7983958721160889
      ],
      [
        0.7816040515899658
      ],
      [
        0.6403957605361938
      ],
      [
        0.8513612747192383
      ],
      [
        0.2219352126121521
      ],
      [
        0.5089935064315796
      ],
      [
        0.23833414912223816
      ],
      [
        0.0
      ],
      [
        0.4023618996143341
      ],
      [
        0.4475087523460388
      ],
      [
        0.7047919034957886
      ],
      [
        0.5637530088424683
      ],
      [
        0.8007115125656128
      ],
      [
        0.5700750946998596
      ],
      [
        0.15386679768562317
      ],
      [
        0.014435142278671265
      ],
      [
        0.550975501537323
      ],
      [
        0.0
      ],
      [
        1.0
      ],
      [
        0.0
      ],
      [
        1.0
      ],
      [
        0.42355358600616455
      ],
      [
        0.9467521905899048
      ],
      [
        0.48069924116134644
      ],
      [
        0.0
      ],
      [
        0.4202533960342407
      ],
      [
        0.5553809404373169
      ],
      [
        0.0
      ],
      [
        0.0
      ],
      [
        0.6620339155197144
      ],
      [
        0.45954835414886475
      ],
      [
        0.4421573579311371
      ],
      [
        0.20953111350536346
      ],
      [
        0.14256860315799713
      ],
      [
        0.29009708762168884
      ],
      [
        0.09977038949728012
      ],
      [
        1.0
      ],
      [
        0.0
      ],
      [
        0.759621262550354
      ],
      [
        0.358700156211853
      ],
      [
        0.4081975817680359
      ],
      [
        0.20485088229179382
      ],
      [
        0.0
      ],
      [
        0.28942352533340454
      ]
    ]
  },
  "true_states": [
    0,
    0,
    0,
    0,
    0,
    0,
    0,
    0,
    0,
    0,
    0,
    0,
    0,
    0,
    0,
    0,
    0,
    0,
    0,
    0,
    0,
    0,
    0,
    0,
    0,
    0,
    0,
    0,
    0,
    0,
    0,
    0,
    0,
    0,
    0,
    0,
    0,
    0,
    0,
    0,
    0,
    0,
    0,
    0,
    0,
    0,
    0,
    0,
    0,
    0
  ],
  "agent_actions": {
    "0": [
      0.6276083588600159,
      0.36548668146133423,
      0.41507524251937866,
      0.3723794221878052,
      0.545508623123169,
      0.5773706436157227,
      0.46364855766296387,
      0.9677841663360596,
      1.0,
      0.6393121480941772,
      0.40428268909454346,
      0.6833270192146301,
      0.0,
      0.5229142904281616,
      0.12362565100193024,
      0.27499130368232727,
      0.28645920753479004,
      1.0,
      0.6730341911315918,
      0.0,
      0.0,
      0.0,
      0.12436357140541077,
      0.0,
      0.0,
      0.0,
      0.9908386468887329,
      0.09020541608333588,
      0.0893106535077095,
      0.3339640200138092,
      0.23835745453834534,
      0.5799111127853394,
      0.0,
      0.1463209092617035,
      0.16195714473724365,
      0.41061508655548096,
      0.4259449541568756,
      0.39260736107826233,
      0.7066876888275146,
      0.0,
      0.40579259395599365,
      0.0,
      0.013431087136268616,
      0.0,
      0.0,
      0.0,
      0.021029498428106308,
      0.21354196965694427,
      0.02498401701450348,
      0.01364800613373518
    ],
    "1": [
      0.4772305488586426,
      0.6832041144371033,
      0.8854715824127197,
      0.737926185131073,
      0.8794826865196228,
      1.0,
      0.7983958721160889,
      0.7816040515899658,
      0.6403957605361938,
      0.8513612747192383,
      0.2219352126121521,
      0.5089935064315796,
      0.23833414912223816,
      0.0,
      0.4023618996143341,
      0.4475087523460388,
      0.7047919034957886,
      0.5637530088424683,
      0.8007115125656128,
      0.5700750946998596,
      0.15386679768562317,
      0.014435142278671265,
      0.550975501537323,
      0.0,
      1.0,
      0.0,
      1.0,
      0.42355358600616455,
      0.9467521905899048,
      0.48069924116134644,
      0.0,
      0.4202533960342407,
      0.5553809404373169,
      0.0,
      0.0,
      0.6620339155197144,
      0.45954835414886475,
      0.4421573579311371,
      0.20953111350536346,
      0.14256860315799713,
      0.29009708762168884,
      0.09977038949728012,
      1.0,
      0.0,
      0.759621262550354,
      0.358700156211853,
      0.4081975817680359,
      0.20485088229179382,
      0.0,
      0.28942352533340454
    ]
  },
  "learning_rates": {
    "0": 0.0,
    "1": 0.0
  },
  "has_belief_states": false,
  "has_latent_states": false,
  "has_belief_distributions": true,
  "fastest_agent": {
    "id": 0,
    "rate": 0.0
  },
  "slowest_agent": {
    "id": 0,
    "rate": 0.0
  },
  "avg_learning_rate": 0.0,