{
  "total_steps": 50,
  "mistake_rates": [],
  "incorrect_probs": [],
  "action_probs": {
    "0": [],
    "1": [],
    "2": []
  },
  "full_action_probs": {
    "0": [
      [
        0.6155449748039246
      ],
      [
        0.3977527320384979
      ],
      [
        0.13909822702407837
      ],
      [
        0.25843286514282227
      ],
      [
        0.29054006934165955
      ],
      [
        0.33542197942733765
      ],
      [
        0.06135314702987671
      ],
      [
        0.26195618510246277
      ],
      [
        0.16794808208942413
      ],
      [
        0.29386234283447266
      ],
      [
        0.47217851877212524
      ],
      [
        0.0
      ],
      [
        0.15981663763523102
      ],
      [
        0.022629503160715103
      ],
      [
        0.0
      ],
      [
        0.0
      ],
      [
        0.134922593832016
      ],
      [
        0.1564268171787262
      ],
      [
        0.3829535245895386
      ],
      [
        0.13351652026176453
      ],
      [
        0.0
      ],
      [
        0.08633144199848175
      ],
      [
        0.09675592184066772
      ],
      [
        0.0
      ],
      [
        0.0
      ],
      [
        0.0
      ],
      [
        0.06609412282705307
      ],
      [
        0.035249799489974976
      ],
      [
        0.16341814398765564
      ],
      [
        0.0
      ],
      [
        0.14919686317443848
      ],
      [
        0.0
      ],
      [
        0.2268376648426056
      ],
      [
        0.10509028285741806
      ],
      [
        0.0
      ],
      [
        0.0207864660769701
      ],
      [
        0.0
      ],
      [
        0.0
      ],
      [
        0.0
      ],
      [
        0.0
      ],
      [
        0.0
      ],
      [
        0.0
      ],
      [
        0.004582293797284365
      ],
      [
        0.0
      ],
      [
        0.004732170142233372
      ],
      [
        0.0028877053409814835
      ],
      [
        0.0
      ],
      [
        0.012470067478716373
      ],
      [
        0.1286814957857132
      ],
      [
        0.07572942972183228
      ]
    ],
    "1": [
      [
        0.4721655249595642
      ],
      [
        0.2630627453327179
      ],
      [
        0.3392191231250763
      ],
      [
        0.5616115927696228
      ],
      [
        0.5381499528884888
      ],
      [
        0.47488918900489807
      ],
      [
        0.5216542482376099
      ],
      [
        0.23134708404541016
      ],
      [
        0.5604875087738037
      ],
      [
        0.4398493766784668
      ],
      [
        0.3111693859100342
      ],
      [
        0.3428131341934204
      ],
      [
        0.13593457639217377
      ],
      [
        0.3252059817314148
      ],
      [
        0.38724464178085327
      ],
      [
        0.0
      ],
      [
        0.1420799195766449
      ],
      [
        0.03624999523162842
      ],
      [
        0.28112056851387024
      ],
      [
        0.02098909020423889
      ],
      [
        0.15820100903511047
      ],
      [
        0.0
      ],
      [
        0.7024278044700623
      ],
      [
        0.0
      ],
      [
        0.23793163895606995
      ],
      [
        0.11162510514259338
      ],
      [
        0.0
      ],
      [
        0.11694346368312836
      ],
      [
        0.2492317259311676
      ],
      [
        0.08392971754074097
      ],
      [
        0.03662559762597084
      ],
      [
        0.0
      ],
      [
        0.05980305001139641
      ],
      [
        0.13835975527763367
      ],
      [
        0.0
      ],
      [
        0.0
      ],
      [
        0.09424323588609695
      ],
      [
        0.04063424468040466
      ],
      [
        0.0
      ],
      [
        0.07441367954015732
      ],
      [
        0.04164662957191467
      ],
      [
        0.06296250224113464
      ],
      [
        0.0
      ],
      [
        0.0
      ],
      [
        0.0
      ],
      [
        0.0
      ],
      [
        0.08928258717060089
      ],
      [
        0.007596976589411497
      ],
      [
        0.04306695982813835
      ],
      [
        0.013978954404592514
      ]
    ],
    "2": [
      [
        0.3296241760253906
      ],
      [
        0.4167659878730774
      ],
      [
        0.5332810878753662
      ],
      [
        0.6475515961647034
      ],
      [
        0.537687361240387
      ],
      [
        0.712761640548706
      ],
      [
        0.41965335607528687
      ],
      [
        0.5637603998184204
      ],
      [
        0.689807653427124
      ],
      [
        0.41444700956344604
      ],
      [
        0.6356086134910583
      ],
      [
        0.1555727869272232
      ],
      [
        0.24508236348628998
      ],
      [
        0.15908683836460114
      ],
      [
        0.1672060638666153
      ],
      [
        0.2492341697216034
      ],
      [
        0.1846936047077179
      ],
      [
        0.24043160676956177
      ],
      [
        0.15404194593429565
      ],
      [
        0.44997185468673706
      ],
      [
        0.5215161442756653
      ],
      [
        0.19838055968284607
      ],
      [
        0.1635894477367401
      ],
      [
        0.2589091360569
      ],
      [
        0.0
      ],
      [
        0.040530845522880554
      ],
      [
        0.038517747074365616
      ],
      [
        0.04211527481675148
      ],
      [
        0.20000870525836945
      ],
      [
        0.20583656430244446
      ],
      [
        0.33025407791137695
      ],
      [
        0.0
      ],
      [
        0.03917550668120384
      ],
      [
        0.0
      ],
      [
        0.0
      ],
      [
        0.07147493958473206
      ],
      [
        0.06292314827442169
      ],
      [
        0.08708428591489792
      ],
      [
        0.19241955876350403
      ],
      [
        0.0
      ],
      [
        0.2314053177833557
      ],
      [
        0.132474884390831
      ],
      [
        0.0
      ],
      [
        0.011620886623859406
      ],
      [
        0.1630862057209015
      ],
      [
        0.0
      ],
      [
        0.018159734085202217
      ],
      [
        0.0
      ],
      [
        0.058172889053821564
      ],
      [
        0.0
      ]
    ]
  },
  "true_states": [
    0,
    0,
    0,
    0,
    0,
    0,
    0,
    0,
    0,
    0,
    0,
    0,
    0,
    0,
    0,
    0,
    0,
    0,
    0,
    0,
    0,
    0,
    0,
    0,
    0,
    0,
    0,
    0,
    0,
    0,
    0,
    0,
    0,
    0,
    0,
    0,
    0,
    0,
    0,
    0,
    0,
    0,
    0,
    0,
    0,
    0,
    0,
    0,
    0,
    0
  ],
  "agent_actions": {
    "0": [
      0.6155449748039246,
      0.3977527320384979,
      0.13909822702407837,
      0.25843286514282227,
      0.29054006934165955,
      0.33542197942733765,
      0.06135314702987671,
      0.26195618510246277,
      0.16794808208942413,
      0.29386234283447266,
      0.47217851877212524,
      0.0,
      0.15981663763523102,
      0.022629503160715103,
      0.0,
      0.0,
      0.134922593832016,
      0.1564268171787262,
      0.3829535245895386,
      0.13351652026176453,
      0.0,
      0.08633144199848175,
      0.09675592184066772,
      0.0,
      0.0,
      0.0,
      0.06609412282705307,
      0.035249799489974976,
      0.16341814398765564,
      0.0,
      0.14919686317443848,
      0.0,
      0.2268376648426056,
      0.10509028285741806,
      0.0,
      0.0207864660769701,
      0.0,
      0.0,
      0.0,
      0.0,
      0.0,
      0.0,
      0.004582293797284365,
      0.0,
      0.004732170142233372,
      0.0028877053409814835,
      0.0,
      0.012470067478716373,
      0.1286814957857132,
      0.07572942972183228
    ],